{
    "$schema": "https://schema.management.azure.com/schemas/2015-01-01/deploymentParameters.json#",
    "contentVersion": "1.0.0.0",
    "parameters": {
        "vulnerabilityAssessments_Default_storageContainerPath": {
            "value": null
        },
        "servers_myserver202499_name": {
            "value": null
        },
        "components_MyWebApp2024991_name": {
            "value": null
        },
        "components_MyWebApp2024992_name": {
            "value": null
        },
        "components_MyWebApp2024993_name": {
            "value": null
        },
        "actionGroups_Application_Insights_Smart_Detection_name": {
            "value": null
        },
        "workspaces_DefaultWorkspace_ccd24908_3a9c_4f83_a4ef_9b64502a78a2_ITN_externalid": {
            "value": null
        }
    }
}